station,element,stored_unit,original_unit,begin_date,end_date
308:AZ:SNTL,PREC,in,in,1978-10-01 00:00,2100-01-01 00:00
308:AZ:SNTL,SNWD,in,in,2002-07-03 08:00,2100-01-01 00:00
308:AZ:SNTL,TAVG,degF,degF,1978-10-01 00:00,2100-01-01 00:00
308:AZ:SNTL,TMAX,degF,degF,1978-10-01 00:00,2100-01-01 00:00
308:AZ:SNTL,TMIN,degF,degF,1978-10-01 00:00,2100-01-01 00:00
308:AZ:SNTL,WTEQ,in,in,1978-10-01 00:00,2100-01-01 00:00
310:AZ:SNTL,PREC,in,in,1978-10-01 00:00,2100-01-01 00:00
310:AZ:SNTL,SNWD,in,in,2002-07-02 09:00,2100-01-01 00:00
310:AZ:SNTL,TAVG,degF,degC,1988-09-30 00:00,2100-01-01 00:00
310:AZ:SNTL,TMAX,degF,degC,1988-09-30 00:00,2100-01-01 00:00
310:AZ:SNTL,TMIN,degF,degC,1988-09-30 00:00,2100-01-01 00:00
310:AZ:SNTL,WTEQ,in,in,1978-10-03 00:00,2100-01-01 00:00
488:AZ:SNTL,PREC,in,in,1978-10-07 00:00,2100-01-01 00:00
488:AZ:SNTL,SNWD,in,in,2002-07-02 09:00,2100-01-01 00:00
488:AZ:SNTL,TAVG,degF,degC,1983-07-17 00:00,2100-01-01 00:00
488:AZ:SNTL,TMAX,degF,degC,1983-07-17 00:00,2100-01-01 00:00
488:AZ:SNTL,TMIN,degF,degC,1983-07-17 00:00,2100-01-01 00:00
488:AZ:SNTL,WTEQ,in,in,1978-10-06 00:00,2100-01-01 00:00
511:AZ:SNTL,PREC,in,in,1979-07-01 00:00,2100-01-01 00:00
511:AZ:SNTL,SNWD,in,in,2001-10-29 15:00,2100-01-01 00:00
511:AZ:SNTL,TAVG,degF,degC,1988-10-01 00:00,2100-01-01 00:00
511:AZ:SNTL,TMAX,degF,degC,1988-10-01 00:00,2100-01-01 00:00
511:AZ:SNTL,TMIN,degF,degC,1988-10-03 00:00,2100-01-01 00:00
511:AZ:SNTL,WTEQ,in,in,1979-10-13 00:00,2100-01-01 00:00
866:AZ:SNTL,PREC,in,in,1984-08-01 00:00,2100-01-01 00:00
866:AZ:SNTL,SNWD,in,in,2004-05-12 08:00,2100-01-01 00:00
866:AZ:SNTL,TAVG,degF,degC,1988-09-30 00:00,2100-01-01 00:00
866:AZ:SNTL,TMAX,degF,degC,1988-09-30 00:00,2100-01-01 00:00
866:AZ:SNTL,TMIN,degF,degC,1988-09-30 00:00,2100-01-01 00:00
866:AZ:SNTL,WTEQ,in,in,1984-07-17 00:00,2100-01-01 00:00
877:AZ:SNTL,PREC,in,in,1978-10-12 00:00,2100-01-01 00:00
877:AZ:SNTL,SNWD,in,in,2002-07-02 09:00,2100-01-01 00:00
877:AZ:SNTL,TAVG,degF,degC,1988-09-30 00:00,2100-01-01 00:00
877:AZ:SNTL,TMAX,degF,degC,1988-09-30 00:00,2100-01-01 00:00
877:AZ:SNTL,TMIN,degF,degC,1988-09-30 00:00,2100-01-01 00:00
877:AZ:SNTL,WTEQ,in,in,1978-10-12 00:00,2100-01-01 00:00
391:CA:SNTL,PREC,in,in,1978-10-01 00:00,2100-01-01 00:00
391:CA:SNTL,SNWD,in,in,2006-09-14 11:00,2100-01-01 00:00
391:CA:SNTL,TAVG,degF,degC,1990-07-22 00:00,2100-01-01 00:00
391:CA:SNTL,TMAX,degF,degC,1990-07-22 00:00,2100-01-01 00:00
391:CA:SNTL,TMIN,degF,degC,1989-09-30 00:00,2100-01-01 00:00
391:CA:SNTL,WTEQ,in,in,1978-10-01 00:00,2100-01-01 00:00
428:CA:SNTL,PREC,in,in,1980-10-01 00:00,2100-01-01 00:00
428:CA:SNTL,SNWD,in,in,2005-08-22 08:00,2100-01-01 00:00
428:CA:SNTL,TAVG,degF,degF,1986-10-01 00:00,2100-01-01 00:00
428:CA:SNTL,TMAX,degF,degF,1986-10-01 00:00,2100-01-01 00:00
428:CA:SNTL,TMIN,degF,degF,1986-10-01 00:00,2100-01-01 00:00
428:CA:SNTL,WTEQ,in,in,1980-10-01 00:00,2100-01-01 00:00
446:CA:SNTL,PREC,in,in,1980-08-16 00:00,2100-01-01 00:00
446:CA:SNTL,SNWD,in,in,2006-09-14 11:00,2100-01-01 00:00
446:CA:SNTL,TAVG,degF,degC,1990-07-20 00:00,2100-01-01 00:00
446:CA:SNTL,TMAX,degF,degC,1990-07-20 00:00,2100-01-01 00:00
446:CA:SNTL,TMIN,degF,degC,1990-07-20 00:00,2100-01-01 00:00
446:CA:SNTL,WTEQ,in,in,1980-10-01 00:00,2100-01-01 00:00
697:CA:SNTL,PREC,in,in,1979-10-01 00:00,2100-01-01 00:00
697:CA:SNTL,SNWD,in,in,2000-10-23 08:00,2100-01-01 00:00
697:CA:SNTL,TAVG,degF,degF,1987-10-01 00:00,2100-01-01 00:00
697:CA:SNTL,TMAX,degF,degF,1987-10-01 00:00,2100-01-01 00:00
697:CA:SNTL,TMIN,degF,degF,1987-10-01 00:00,2100-01-01 00:00
697:CA:SNTL,WTEQ,in,in,1979-10-01 00:00,2100-01-01 00:00
784:CA:SNTL,PREC,in,in,1979-10-01 00:00,2100-01-01 00:00
784:CA:SNTL,SNWD,in,in,1998-06-17 13:00,2100-01-01 00:00
784:CA:SNTL,TAVG,degF,degF,1989-10-01 00:00,2100-01-01 00:00
784:CA:SNTL,TMAX,degF,degF,1989-10-01 00:00,2100-01-01 00:00
784:CA:SNTL,TMIN,degF,degF,1989-10-01 00:00,2100-01-01 00:00
784:CA:SNTL,WTEQ,in,in,1979-10-01 00:00,2100-01-01 00:00
834:CA:SNTL,PREC,in,in,1979-10-01 00:00,2100-01-01 00:00
834:CA:SNTL,SNWD,in,in,2002-08-19 10:00,2100-01-01 00:00
834:CA:SNTL,TAVG,degF,degF,1988-10-01 00:00,2100-01-01 00:00
834:CA:SNTL,TMAX,degF,degF,1988-10-01 00:00,2100-01-01 00:00
834:CA:SNTL,TMIN,degF,degF,1988-10-01 00:00,2100-01-01 00:00
834:CA:SNTL,WTEQ,in,in,1979-10-01 00:00,2100-01-01 00:00
335:CO:SNTL,PREC,in,in,1978-10-01 00:00,2100-01-01 00:00
335:CO:SNTL,SNWD,in,in,2002-07-03 14:00,2100-01-01 00:00
335:CO:SNTL,TAVG,degF,degF,1984-10-01 00:00,2100-01-01 00:00
335:CO:SNTL,TMAX,degF,degF,1984-10-01 00:00,2100-01-01 00:00
335:CO:SNTL,TMIN,degF,degF,1984-10-01 00:00,2100-01-01 00:00
335:CO:SNTL,WTEQ,in,in,1978-10-01 00:00,2100-01-01 00:00
345:CO:SNTL,PREC,in,in,1985-10-01 00:00,2100-01-01 00:00
345:CO:SNTL,SNWD,in,in,1997-08-01 08:00,2100-01-01 00:00
345:CO:SNTL,TAVG,degF,degF,1985-10-01 00:00,2100-01-01 00:00
345:CO:SNTL,TMAX,degF,degF,1985-10-01 00:00,2100-01-01 00:00
345:CO:SNTL,TMIN,degF,degF,1985-10-01 00:00,2100-01-01 00:00
345:CO:SNTL,WTEQ,in,in,1985-10-01 00:00,2100-01-01 00:00
412:CO:SNTL,PREC,in,in,1979-10-01 00:00,2100-01-01 00:00
412:CO:SNTL,SNWD,in,in,2005-08-26 10:00,2100-01-01 00:00
412:CO:SNTL,TAVG,degF,degF,1988-10-01 00:00,2100-01-01 00:00
412:CO:SNTL,TMAX,degF,degF,1988-10-01 00:00,2100-01-01 00:00
412:CO:SNTL,TMIN,degF,degF,1988-10-01 00:00,2100-01-01 00:00
412:CO:SNTL,WTEQ,in,in,1979-10-01 00:00,2100-01-01 00:00
564:CO:SNTL,PREC,in,in,1978-10-01 00:00,2100-01-01 00:00
564:CO:SNTL,SNWD,in,in,2003-06-19 14:00,2100-01-01 00:00
564:CO:SNTL,TAVG,degF,degF,1988-10-01 00:00,2100-01-01 00:00
564:CO:SNTL,TMAX,degF,degF,1988-10-01 00:00,2100-01-01 00:00
564:CO:SNTL,TMIN,degF,degF,1988-10-01 00:00,2100-01-01 00:00
564:CO:SNTL,WTEQ,in,in,1978-10-01 00:00,2100-01-01 00:00
580:CO:SNTL,PREC,in,in,1979-10-01 00:00,2100-01-01 00:00
580:CO:SNTL,SNWD,in,in,2002-06-21 10:00,2100-01-01 00:00
580:CO:SNTL,TAVG,degF,degF,1979-10-01 00:00,2100-01-01 00:00
580:CO:SNTL,TMAX,degF,degF,1979-10-01 00:00,2100-01-01 00:00
580:CO:SNTL,TMIN,degF,degF,1979-10-01 00:00,2100-01-01 00:00
580:CO:SNTL,WTEQ,in,in,1979-10-01 00:00,2100-01-01 00:00
780:CO:SNTL,PREC,in,in,1985-10-01 00:00,2100-01-01 00:00
780:CO:SNTL,SNWD,in,in,2004-06-28 13:00,2100-01-01 00:00
780:CO:SNTL,TAVG,degF,degF,1985-10-01 00:00,2100-01-01 00:00
780:CO:SNTL,TMAX,degF,degF,1985-10-01 00:00,2100-01-01 00:00
780:CO:SNTL,TMIN,degF,degF,1985-10-01 00:00,2100-01-01 00:00
780:CO:SNTL,WTEQ,in,in,1985-10-01 00:00,2100-01-01 00:00
320:ID:SNTL,PREC,in,in,1979-10-01 00:00,2100-01-01 00:00
320:ID:SNTL,SNWD,in,in,2003-09-15 13:00,2100-01-01 00:00
320:ID:SNTL,TAVG,degF,degF,1979-10-01 00:00,2100-01-01 00:00
320:ID:SNTL,TMAX,degF,degF,1979-10-01 00:00,2100-01-01 00:00
320:ID:SNTL,TMIN,degF,degF,1979-10-01 00:00,2100-01-01 00:00
320:ID:SNTL,WTEQ,in,in,1979-10-01 00:00,2100-01-01 00:00
534:ID:SNTL,PREC,in,in,1978-10-01 00:00,2100-01-01 00:00
534:ID:SNTL,SNWD,in,in,2001-06-06 07:00,2100-01-01 00:00
534:ID:SNTL,TAVG,degF,degF,1988-10-01 00:00,2100-01-01 00:00
534:ID:SNTL,TMAX,degF,degF,1988-10-01 00:00,2100-01-01 00:00
534:ID:SNTL,TMIN,degF,degF,1988-10-01 00:00,2100-01-01 00:00
534:ID:SNTL,WTEQ,in,in,1978-10-01 00:00,2100-01-01 00:00
546:ID:SNTL,PREC,in,in,1979-10-01 00:00,2100-01-01 00:00
546:ID:SNTL,SNWD,in,in,1999-10-21 07:00,2100-01-01 00:00
546:ID:SNTL,TAVG,degF,degF,1987-10-01 00:00,2100-01-01 00:00
546:ID:SNTL,TMAX,degF,degF,1987-10-01 00:00,2100-01-01 00:00
546:ID:SNTL,TMIN,degF,degF,1987-10-01 00:00,2100-01-01 00:00
546:ID:SNTL,WTEQ,in,in,1979-10-01 00:00,2100-01-01 00:00
749:ID:SNTL,PREC,in,in,1978-10-01 00:00,2100-01-01 00:00
749:ID:SNTL,SNWD,in,in,2006-06-26 13:00,2100-01-01 00:00
749:ID:SNTL,TAVG,degF,degC,1982-10-01 00:00,2100-01-01 00:00
749:ID:SNTL,TMAX,degF,degC,1982-10-01 00:00,2100-01-01 00:00
749:ID:SNTL,TMIN,degF,degC,1982-10-01 00:00,2100-01-01 00:00
749:ID:SNTL,WTEQ,in,in,1978-10-01 00:00,2100-01-01 00:00
770:ID:SNTL,PREC,in,in,1978-10-01 00:00,2100-01-01 00:00
770:ID:SNTL,SNWD,in,in,2005-06-14 08:00,2100-01-01 00:00
770:ID:SNTL,TAVG,degF,degC,1989-06-13 00:00,2100-01-01 00:00
770:ID:SNTL,TMAX,degF,degC,1989-06-13 00:00,2100-01-01 00:00
770:ID:SNTL,TMIN,degF,degC,1989-06-13 00:00,2100-01-01 00:00
770:ID:SNTL,WTEQ,in,in,1978-10-01 00:00,2100-01-01 00:00
845:ID:SNTL,PREC,in,in,1978-10-01 00:00,2100-01-01 00:00
845:ID:SNTL,SNWD,in,in,1999-09-30 07:00,2100-01-01 00:00
845:ID:SNTL,TAVG,degF,degF,1987-10-01 00:00,2100-01-01 00:00
845:ID:SNTL,TMAX,degF,degF,1987-10-01 00:00,2100-01-01 00:00
845:ID:SNTL,TMIN,degF,degF,1987-10-01 00:00,2100-01-01 00:00
845:ID:SNTL,WTEQ,in,in,1978-10-01 00:00,2100-01-01 00:00
307:MT:SNTL,PREC,in,in,1979-10-01 00:00,2100-01-01 00:00
307:MT:SNTL,SNWD,in,in,1999-08-18 07:00,2100-01-01 00:00
307:MT:SNTL,TAVG,degF,degC,1988-09-30 00:00,2100-01-01 00:00
307:MT:SNTL,TMAX,degF,degC,1988-09-30 00:00,2100-01-01 00:00
307:MT:SNTL,TMIN,degF,degC,1988-09-30 00:00,2100-01-01 00:00
307:MT:SNTL,WTEQ,in,in,1978-10-01 00:00,2100-01-01 00:00
433:MT:SNTL,PREC,in,in,1979-10-01 00:00,2100-01-01 00:00
433:MT:SNTL,SNWD,in,in,2002-08-26 07:00,2100-01-01 00:00
433:MT:SNTL,TAVG,degF,degF,1987-10-01 00:00,2100-01-01 00:00
433:MT:SNTL,TMAX,degF,degF,1987-10-01 00:00,2100-01-01 00:00
433:MT:SNTL,TMIN,degF,degF,1987-10-01 00:00,2100-01-01 00:00
433:MT:SNTL,WTEQ,in,in,1979-10-01 00:00,2100-01-01 00:00
576:MT:SNTL,PREC,in,in,1979-05-01 00:00,2100-01-01 00:00
576:MT:SNTL,SNWD,in,in,2001-06-12 07:00,2100-01-01 00:00
576:MT:SNTL,TAVG,degF,degC,1990-09-30 00:00,2100-01-01 00:00
576:MT:SNTL,TMAX,degF,degC,1990-09-30 00:00,2100-01-01 00:00
576:MT:SNTL,TMIN,degF,degC,1990-09-30 00:00,2100-01-01 00:00
576:MT:SNTL,WTEQ,in,in,1971-01-01 00:00,2100-01-01 00:00
646:MT:SNTL,PREC,in,in,1985-07-16 00:00,2100-01-01 00:00
646:MT:SNTL,SNWD,in,in,2002-08-07 06:00,2100-01-01 00:00
646:MT:SNTL,TAVG,degF,degC,1989-09-30 00:00,2100-01-01 00:00
646:MT:SNTL,TMAX,degF,degC,1989-09-30 00:00,2100-01-01 00:00
646:MT:SNTL,TMIN,degF,degC,1989-09-30 00:00,2100-01-01 00:00
646:MT:SNTL,WTEQ,in,in,1985-10-01 00:00,2100-01-01 00:00
700:MT:SNTL,PREC,in,in,1978-10-01 00:00,2100-01-01 00:00
700:MT:SNTL,SNWD,in,in,2002-05-30 06:00,2100-01-01 00:00
700:MT:SNTL,TAVG,degF,degC,1990-09-30 00:00,2100-01-01 00:00
700:MT:SNTL,TMAX,degF,degC,1990-09-30 00:00,2100-01-01 00:00
700:MT:SNTL,TMIN,degF,degC,1990-09-30 00:00,2100-01-01 00:00
700:MT:SNTL,WTEQ,in,in,1976-10-01 00:00,2100-01-01 00:00
918:MT:SNTL,PREC,in,in,1996-10-01 00:00,2100-01-01 00:00
918:MT:SNTL,SNWD,in,in,2002-08-08 07:00,2100-01-01 00:00
918:MT:SNTL,TAVG,degF,degC,1996-09-30 00:00,2100-01-01 00:00
918:MT:SNTL,TMAX,degF,degC,1996-09-30 00:00,2100-01-01 00:00
918:MT:SNTL,TMIN,degF,degC,1996-09-30 00:00,2100-01-01 00:00
918:MT:SNTL,WTEQ,in,in,1968-10-01 00:00,2100-01-01 00:00
394:NM:SNTL,PREC,in,in,1978-10-01 00:00,2100-01-01 00:00
394:NM:SNTL,SNWD,in,in,2001-09-25 07:00,2100-01-01 00:00
394:NM:SNTL,TAVG,degF,degF,1987-10-01 00:00,2100-01-01 00:00
394:NM:SNTL,TMAX,degF,degF,1987-10-01 00:00,2100-01-01 00:00
394:NM:SNTL,TMIN,degF,degF,1987-10-01 00:00,2100-01-01 00:00
394:NM:SNTL,WTEQ,in,in,1978-10-01 00:00,2100-01-01 00:00
486:NM:SNTL,PREC,in,in,1978-10-01 00:00,2100-01-01 00:00
486:NM:SNTL,SNWD,in,in,2001-10-30 09:00,2100-01-01 00:00
486:NM:SNTL,TAVG,degF,degF,1988-10-01 00:00,2100-01-01 00:00
486:NM:SNTL,TMAX,degF,degF,1988-10-01 00:00,2100-01-01 00:00
486:NM:SNTL,TMIN,degF,degF,1988-10-01 00:00,2100-01-01 00:00
486:NM:SNTL,WTEQ,in,in,1978-10-01 00:00,2100-01-01 00:00
491:NM:SNTL,PREC,in,in,1979-10-01 00:00,2100-01-01 00:00
491:NM:SNTL,SNWD,in,in,2001-09-25 07:00,2100-01-01 00:00
491:NM:SNTL,TAVG,degF,degF,1987-10-01 00:00,2100-01-01 00:00
491:NM:SNTL,TMAX,degF,degF,1987-10-01 00:00,2100-01-01 00:00
491:NM:SNTL,TMIN,degF,degF,1987-10-01 00:00,2100-01-01 00:00
491:NM:SNTL,WTEQ,in,in,1979-10-01 00:00,2100-01-01 00:00
532:NM:SNTL,PREC,in,in,1978-10-01 00:00,2100-01-01 00:00
532:NM:SNTL,SNWD,in,in,2001-09-25 07:00,2100-01-01 00:00
532:NM:SNTL,TAVG,degF,degF,1987-10-01 00:00,2100-01-01 00:00
532:NM:SNTL,TMAX,degF,degF,1987-10-01 00:00,2100-01-01 00:00
532:NM:SNTL,TMIN,degF,degF,1987-10-01 00:00,2100-01-01 00:00
532:NM:SNTL,WTEQ,in,in,1978-10-01 00:00,2100-01-01 00:00
595:NM:SNTL,PREC,in,in,1978-10-01 00:00,2100-01-01 00:00
595:NM:SNTL,SNWD,in,in,2001-10-29 15:00,2100-01-01 00:00
595:NM:SNTL,TAVG,degF,degF,1984-10-01 00:00,2100-01-01 00:00
595:NM:SNTL,TMAX,degF,degF,1984-10-01 00:00,2100-01-01 00:00
595:NM:SNTL,TMIN,degF,degF,1984-10-01 00:00,2100-01-01 00:00
595:NM:SNTL,WTEQ,in,in,1978-10-01 00:00,2100-01-01 00:00
715:NM:SNTL,PREC,in,in,1978-10-01 00:00,2100-01-01 00:00
715:NM:SNTL,SNWD,in,in,2001-09-25 07:00,2100-01-01 00:00
715:NM:SNTL,TAVG,degF,degF,1987-10-01 00:00,2100-01-01 00:00
715:NM:SNTL,TMAX,degF,degF,1987-10-01 00:00,2100-01-01 00:00
715:NM:SNTL,TMIN,degF,degF,1987-10-01 00:00,2100-01-01 00:00
715:NM:SNTL,WTEQ,in,in,1978-10-01 00:00,2100-01-01 00:00
337:NV:SNTL,PREC,in,in,1979-10-01 00:00,2100-01-01 00:00
337:NV:SNTL,SNWD,in,in,2003-08-29 14:00,2100-01-01 00:00
337:NV:SNTL,TAVG,degF,degF,1989-10-01 00:00,2100-01-01 00:00
337:NV:SNTL,TMAX,degF,degF,1989-10-01 00:00,2100-01-01 00:00
337:NV:SNTL,TMIN,degF,degF,1989-10-01 00:00,2100-01-01 00:00
337:NV:SNTL,WTEQ,in,in,1979-10-01 00:00,2100-01-01 00:00
445:NV:SNTL,PREC,in,in,1979-10-01 00:00,2100-01-01 00:00
445:NV:SNTL,SNWD,in,in,2004-05-21 10:00,2100-01-01 00:00
445:NV:SNTL,TAVG,degF,degF,1988-10-01 00:00,2100-01-01 00:00
445:NV:SNTL,TMAX,degF,degF,1988-10-01 00:00,2100-01-01 00:00
445:NV:SNTL,TMIN,degF,degF,1988-10-01 00:00,2100-01-01 00:00
445:NV:SNTL,WTEQ,in,in,1979-10-01 00:00,2100-01-01 00:00
476:NV:SNTL,PREC,in,in,1980-08-01 00:00,2100-01-01 00:00
476:NV:SNTL,SNWD,in,in,2002-07-19 12:00,2100-01-01 00:00
476:NV:SNTL,TAVG,degF,degC,1989-06-08 00:00,2100-01-01 00:00
476:NV:SNTL,TMAX,degF,degC,1989-06-08 00:00,2100-01-01 00:00
476:NV:SNTL,TMIN,degF,degC,1989-06-08 00:00,2100-01-01 00:00
476:NV:SNTL,WTEQ,in,in,1980-10-01 00:00,2100-01-01 00:00
498:NV:SNTL,PREC,in,in,1979-10-01 00:00,2100-01-01 00:00
498:NV:SNTL,SNWD,in,in,1999-06-09 15:00,2100-01-01 00:00
498:NV:SNTL,TAVG,degF,degF,1988-10-01 00:00,2100-01-01 00:00
498:NV:SNTL,TMAX,degF,degF,1988-10-01 00:00,2100-01-01 00:00
498:NV:SNTL,TMIN,degF,degF,1988-10-01 00:00,2100-01-01 00:00
498:NV:SNTL,WTEQ,in,in,1979-10-01 00:00,2100-01-01 00:00
573:NV:SNTL,PREC,in,in,1979-08-16 00:00,2100-01-01 00:00
573:NV:SNTL,SNWD,in,in,2003-07-09 06:00,2100-01-01 00:00
573:NV:SNTL,TAVG,degF,degC,1989-06-08 00:00,2100-01-01 00:00
573:NV:SNTL,TMAX,degF,degC,1989-06-08 00:00,2100-01-01 00:00
573:NV:SNTL,TMIN,degF,degC,1989-06-08 00:00,2100-01-01 00:00
573:NV:SNTL,WTEQ,in,in,1979-10-01 00:00,2100-01-01 00:00
750:NV:SNTL,PREC,in,in,1988-10-01 00:00,2100-01-01 00:00
750:NV:SNTL,SNWD,in,in,2000-08-29 13:00,2100-01-01 00:00
750:NV:SNTL,TAVG,degF,degF,1991-10-01 00:00,2100-01-01 00:00
750:NV:SNTL,TMAX,degF,degF,1992-10-01 00:00,2100-01-01 00:00
750:NV:SNTL,TMIN,degF,degF,1991-10-01 00:00,2100-01-01 00:00
750:NV:SNTL,WTEQ,in,in,1988-10-01 00:00,2100-01-01 00:00
344:OR:SNTL,PREC,in,in,1978-10-01 00:00,2100-01-01 00:00
344:OR:SNTL,SNWD,in,in,2002-08-08 16:00,2100-01-01 00:00
344:OR:SNTL,TAVG,degF,degC,1989-09-30 00:00,2100-01-01 00:00
344:OR:SNTL,TMAX,degF,degC,1989-09-30 00:00,2100-01-01 00:00
344:OR:SNTL,TMIN,degF,degC,1989-09-30 00:00,2100-01-01 00:00
344:OR:SNTL,WTEQ,in,in,1978-10-01 00:00,2100-01-01 00:00
388:OR:SNTL,PREC,in,in,1980-10-01 00:00,2100-01-01 00:00
388:OR:SNTL,SNWD,in,in,1998-07-06 12:00,2100-01-01 00:00
388:OR:SNTL,TAVG,degF,degC,1988-09-30 00:00,2100-01-01 00:00
388:OR:SNTL,TMAX,degF,degC,1988-09-30 00:00,2100-01-01 00:00
388:OR:SNTL,TMIN,degF,degC,1988-09-30 00:00,2100-01-01 00:00
388:OR:SNTL,WTEQ,in,in,1980-10-01 00:00,2100-01-01 00:00
422:OR:SNTL,PREC,in,in,1980-10-01 00:00,2100-01-01 00:00
422:OR:SNTL,SNWD,in,in,2001-06-18 10:00,2100-01-01 00:00
422:OR:SNTL,TAVG,degF,degC,1989-09-30 00:00,2100-01-01 00:00
422:OR:SNTL,TMAX,degF,degC,1989-09-30 00:00,2100-01-01 00:00
422:OR:SNTL,TMIN,degF,degC,1989-09-30 00:00,2100-01-01 00:00
422:OR:SNTL,WTEQ,in,in,1980-10-01 00:00,2100-01-01 00:00
619:OR:SNTL,PREC,in,in,1980-10-01 00:00,2100-01-01 00:00
619:OR:SNTL,SNWD,in,in,2003-11-10 11:00,2100-01-01 00:00
619:OR:SNTL,TAVG,degF,degC,1988-11-03 00:00,2100-01-01 00:00
619:OR:SNTL,TMAX,degF,degC,1988-11-03 00:00,2100-01-01 00:00
619:OR:SNTL,TMIN,degF,degC,1988-11-03 00:00,2100-01-01 00:00
619:OR:SNTL,WTEQ,in,in,1981-10-01 00:00,2100-01-01 00:00
712:OR:SNTL,PREC,in,in,1978-10-01 00:00,2100-01-01 00:00
712:OR:SNTL,SNWD,in,in,2006-07-18 10:00,2100-01-01 00:00
712:OR:SNTL,TAVG,degF,degC,1988-11-09 00:00,2100-01-01 00:00
712:OR:SNTL,TMAX,degF,degC,1988-11-09 00:00,2100-01-01 00:00
712:OR:SNTL,TMIN,degF,degC,1988-11-09 00:00,2100-01-01 00:00
712:OR:SNTL,WTEQ,in,in,1978-10-01 00:00,2100-01-01 00:00
759:OR:SNTL,PREC,in,in,1979-10-01 00:00,2100-01-01 00:00
759:OR:SNTL,SNWD,in,in,1997-09-24 15:00,2100-01-01 00:00
759:OR:SNTL,TAVG,degF,degC,1984-08-01 00:00,2100-01-01 00:00
759:OR:SNTL,TMAX,degF,degC,1984-08-02 00:00,2100-01-01 00:00
759:OR:SNTL,TMIN,degF,degC,1984-08-02 00:00,2100-01-01 00:00
759:OR:SNTL,WTEQ,in,in,1979-10-01 00:00,2100-01-01 00:00
348:UT:SNTL,PREC,in,in,1980-07-01 00:00,2100-01-01 00:00
348:UT:SNTL,SNWD,in,in,1999-06-09 15:00,2100-01-01 00:00
348:UT:SNTL,TAVG,degF,degC,2006-06-05 00:00,2100-01-01 00:00
348:UT:SNTL,TMAX,degF,degC,2006-06-05 00:00,2100-01-01 00:00
348:UT:SNTL,TMIN,degF,degC,1986-09-16 00:00,2100-01-01 00:00
348:UT:SNTL,WTEQ,in,in,1980-11-07 00:00,2100-01-01 00:00
368:UT:SNTL,PREC,in,in,1978-10-01 00:00,2100-01-01 00:00
368:UT:SNTL,SNWD,in,in,2003-08-06 08:00,2100-01-01 00:00
368:UT:SNTL,TAVG,degF,degC,1986-08-21 00:00,2100-01-01 00:00
368:UT:SNTL,TMAX,degF,degC,1986-08-21 00:00,2100-01-01 00:00
368:UT:SNTL,TMIN,degF,degC,1986-08-21 00:00,2100-01-01 00:00
368:UT:SNTL,WTEQ,in,in,1978-10-01 00:00,2100-01-01 00:00
474:UT:SNTL,PREC,in,in,1978-10-01 00:00,2100-01-01 00:00
474:UT:SNTL,SNWD,in,in,1997-08-27 12:00,2100-01-01 00:00
474:UT:SNTL,TAVG,degF,degF,2005-09-08 14:00,2100-01-01 00:00
474:UT:SNTL,TMAX,degF,degF,2005-09-08 14:00,2100-01-01 00:00
474:UT:SNTL,TMIN,degF,degF,2005-09-08 14:00,2100-01-01 00:00
474:UT:SNTL,WTEQ,in,in,1978-10-01 00:00,2100-01-01 00:00
514:UT:SNTL,PREC,in,in,1979-09-16 00:00,2100-01-01 00:00
514:UT:SNTL,SNWD,in,in,2003-06-04 14:00,2100-01-01 00:00
514:UT:SNTL,TAVG,degF,degC,2004-08-05 00:00,2100-01-01 00:00
514:UT:SNTL,TMAX,degF,degC,2004-08-05 00:00,2100-01-01 00:00
514:UT:SNTL,TMIN,degF,degC,1983-04-14 00:00,2100-01-01 00:00
514:UT:SNTL,WTEQ,in,in,1979-10-01 00:00,2100-01-01 00:00
596:UT:SNTL,PREC,in,in,1988-06-23 00:00,2100-01-01 00:00
596:UT:SNTL,SNWD,in,in,2004-07-01 10:00,2100-01-01 00:00
596:UT:SNTL,TAVG,degF,degC,2004-07-01 00:00,2100-01-01 00:00
596:UT:SNTL,TMAX,degF,degC,2004-07-01 00:00,2100-01-01 00:00
596:UT:SNTL,TMIN,degF,degC,1988-06-22 00:00,2100-01-01 00:00
596:UT:SNTL,WTEQ,in,in,1988-06-23 00:00,2100-01-01 00:00
864:UT:SNTL,PREC,in,in,1978-10-01 00:00,2100-01-01 00:00
864:UT:SNTL,SNWD,in,in,2003-05-29 08:00,2100-01-01 00:00
864:UT:SNTL,TAVG,degF,degC,2003-05-29 00:00,2100-01-01 00:00
864:UT:SNTL,TMAX,degF,degC,2003-05-29 00:00,2100-01-01 00:00
864:UT:SNTL,TMIN,degF,degC,1989-05-09 00:00,2100-01-01 00:00
864:UT:SNTL,WTEQ,in,in,1978-10-01 00:00,2100-01-01 00:00
478:WA:SNTL,PREC,in,in,1980-10-01 00:00,2100-01-01 00:00
478:WA:SNTL,SNWD,in,in,2000-08-23 16:00,2100-01-01 00:00
478:WA:SNTL,TAVG,degF,degC,1984-08-15 00:00,2100-01-01 00:00
478:WA:SNTL,TMAX,degF,degC,1984-08-15 00:00,2100-01-01 00:00
478:WA:SNTL,TMIN,degF,degC,1984-08-15 00:00,2100-01-01 00:00
478:WA:SNTL,WTEQ,in,in,1983-02-22 00:00,2100-01-01 00:00
502:WA:SNTL,PREC,in,in,1981-11-01 00:00,2100-01-01 00:00
502:WA:SNTL,SNWD,in,in,1997-10-10 15:00,2100-01-01 00:00
502:WA:SNTL,TAVG,degF,degC,1989-09-30 00:00,2100-01-01 00:00
502:WA:SNTL,TMAX,degF,degC,1989-09-30 00:00,2100-01-01 00:00
502:WA:SNTL,TMIN,degF,degC,1989-09-30 00:00,2100-01-01 00:00
502:WA:SNTL,WTEQ,in,in,1982-10-01 00:00,2100-01-01 00:00
515:WA:SNTL,PREC,in,in,1980-09-27 00:00,2100-01-01 00:00
515:WA:SNTL,SNWD,in,in,2000-04-27 21:00,2100-01-01 00:00
515:WA:SNTL,TAVG,degF,degC,1989-08-15 00:00,2100-01-01 00:00
515:WA:SNTL,TMAX,degF,degC,1989-08-15 00:00,2100-01-01 00:00
515:WA:SNTL,TMIN,degF,degC,1989-08-15 00:00,2100-01-01 00:00
515:WA:SNTL,WTEQ,in,in,1980-09-27 00:00,2100-01-01 00:00
648:WA:SNTL,PREC,in,in,1989-10-01 00:00,2100-01-01 00:00
648:WA:SNTL,SNWD,in,in,2001-09-25 15:00,2100-01-01 00:00
648:WA:SNTL,TAVG,degF,degC,1989-10-26 00:00,2100-01-01 00:00
648:WA:SNTL,TMAX,degF,degC,1989-10-26 00:00,2100-01-01 00:00
648:WA:SNTL,TMIN,degF,degC,1989-10-26 00:00,2100-01-01 00:00
648:WA:SNTL,WTEQ,in,in,1989-10-01 00:00,2100-01-01 00:00
692:WA:SNTL,PREC,in,in,1980-10-01 00:00,2100-01-01 00:00
692:WA:SNTL,SNWD,in,in,1996-10-15 10:00,2100-01-01 00:00
692:WA:SNTL,TAVG,degF,degC,1988-09-30 00:00,2100-01-01 00:00
692:WA:SNTL,TMAX,degF,degC,1988-09-30 00:00,2100-01-01 00:00
692:WA:SNTL,TMIN,degF,degC,1988-09-30 00:00,2100-01-01 00:00
692:WA:SNTL,WTEQ,in,in,1981-10-01 00:00,2100-01-01 00:00
734:WA:SNTL,PREC,in,in,1983-10-01 00:00,2100-01-01 00:00
734:WA:SNTL,SNWD,in,in,2001-07-25 17:00,2100-01-01 00:00
734:WA:SNTL,TAVG,degF,degC,1984-09-12 00:00,2100-01-01 00:00
734:WA:SNTL,TMAX,degF,degC,1984-09-12 00:00,2100-01-01 00:00
734:WA:SNTL,TMIN,degF,degC,1984-09-12 00:00,2100-01-01 00:00
734:WA:SNTL,WTEQ,in,in,1984-10-01 00:00,2100-01-01 00:00
468:WY:SNTL,PREC,in,in,1980-09-16 00:00,2100-01-01 00:00
468:WY:SNTL,SNWD,in,in,2015-07-20 09:00,2100-01-01 00:00
468:WY:SNTL,TAVG,degF,degC,1985-09-18 00:00,2100-01-01 00:00
468:WY:SNTL,TMAX,degF,degC,1985-09-18 00:00,2100-01-01 00:00
468:WY:SNTL,TMIN,degF,degC,1985-09-18 00:00,2100-01-01 00:00
468:WY:SNTL,WTEQ,in,in,1980-10-01 00:00,2100-01-01 00:00
512:WY:SNTL,PREC,in,in,1980-07-30 00:00,2100-01-01 00:00
512:WY:SNTL,SNWD,in,in,2003-06-26 06:00,2100-01-01 00:00
512:WY:SNTL,TAVG,degF,degC,1989-09-30 00:00,2100-01-01 00:00
512:WY:SNTL,TMAX,degF,degC,1989-09-30 00:00,2100-01-01 00:00
512:WY:SNTL,TMIN,degF,degC,1989-09-30 00:00,2100-01-01 00:00
512:WY:SNTL,WTEQ,in,in,1980-09-01 00:00,2100-01-01 00:00
716:WY:SNTL,PREC,in,in,1980-10-01 00:00,2100-01-01 00:00
716:WY:SNTL,SNWD,in,in,2004-08-20 10:00,2100-01-01 00:00
716:WY:SNTL,TAVG,degF,degF,1988-10-01 00:00,2100-01-01 00:00
716:WY:SNTL,TMAX,degF,degF,1988-10-01 00:00,2100-01-01 00:00
716:WY:SNTL,TMIN,degF,degF,1988-10-01 00:00,2100-01-01 00:00
716:WY:SNTL,WTEQ,in,in,1979-10-01 00:00,2100-01-01 00:00
730:WY:SNTL,PREC,in,in,1978-10-01 00:00,2100-01-01 00:00
730:WY:SNTL,SNWD,in,in,2011-07-11 10:00,2100-01-01 00:00
730:WY:SNTL,TAVG,degF,degC,1988-09-30 00:00,2100-01-01 00:00
730:WY:SNTL,TMAX,degF,degC,1988-09-30 00:00,2100-01-01 00:00
730:WY:SNTL,TMIN,degF,degC,1988-09-30 00:00,2100-01-01 00:00
730:WY:SNTL,WTEQ,in,in,1978-10-01 00:00,2100-01-01 00:00
731:WY:SNTL,PREC,in,in,1979-10-01 00:00,2100-01-01 00:00
731:WY:SNTL,SNWD,in,in,2003-07-30 07:00,2100-01-01 00:00
731:WY:SNTL,TAVG,degF,degF,1987-10-01 00:00,2100-01-01 00:00
731:WY:SNTL,TMAX,degF,degF,1987-10-01 00:00,2100-01-01 00:00
731:WY:SNTL,TMIN,degF,degF,1987-10-01 00:00,2100-01-01 00:00
731:WY:SNTL,WTEQ,in,in,1979-10-01 00:00,2100-01-01 00:00
807:WY:SNTL,PREC,in,in,1987-10-01 00:00,2100-01-01 00:00
807:WY:SNTL,SNWD,in,in,2003-07-23 05:00,2100-01-01 00:00
807:WY:SNTL,TAVG,degF,degC,1989-09-30 00:00,2100-01-01 00:00
807:WY:SNTL,TMAX,degF,degC,1989-09-30 00:00,2100-01-01 00:00
807:WY:SNTL,TMIN,degF,degC,1989-09-30 00:00,2100-01-01 00:00
807:WY:SNTL,WTEQ,in,in,1987-10-01 00:00,2100-01-01 00:00
